Smart Styles,+1210252784,Nepal,85797₽,mixture
Posh Patterns,+44765858701,Montenegro,99447₽,analyst
Stylish Silhouettes,+42204443071,Latvia,53569₽,love
Refined Rags,+79744912265,Italy,82902₽,topic
Classy Chic,+69731949680,Macedonia,46440₽,marriage
Stylish Silhouettes,+98867547376,Saint Vincent and the Grenadines,67006₽,drawer
Nail Nook,+87302573024,Mauritius,25588₽,addition
Fashion Forward,+89479722617,Paraguay,27029₽,cookie
Fashion Forward,+93237090370,Finland,37346₽,employee
Elite Elegance,+77142830746,Monaco,24792₽,midnight
Beauty Bar,+3793048623,Iceland,87819₽,dealer
Lash Lounge,+56194080476,Dominican Republic,37940₽,construction
Clipper Cuts,+86689180649,Samoa,59285₽,explanation
Glamour Galore,+58127776695,Russia,94968₽,development
Classy Chic,+51131108366,Sao Tome and Principe,81347₽,departure
Skin Studio,+37791018115,Liberia,91002₽,buyer
Nail Nook,+27104251220,Malta,82993₽,employment
Sleek Styles,+41311432786,Kenya,36241₽,drawer
Brow Boosters,+32503255509,Uzbekistan,63649₽,wood
Body Bliss,+14292623902,Turkey,35006₽,enthusiasm
Chic Couture,+59826303273,Bulgaria,40437₽,death
Makeup Maven,+89806621061,Haiti,16403₽,tennis
Makeup Maven,+30411850226,Estonia,72099₽,fishing
Clipper Cuts,+58185655553,Cuba,26692₽,height
Nail Nook,+81907714884,Azerbaijan,66620₽,computer
Haute Hues,+15655137309,Lithuania,12297₽,tennis
Elite Elegance,+10830599446,"Micronesia, Federated States of",70926₽,advice
Fine Fabrics,+61643808592,"Congo, Republic of the",70490₽,height
Fine Fabrics,+65583447678,Monaco,45431₽,hair
Dapper Designs,+58159256805,Slovenia,67004₽,enthusiasm
Sophisticated Sewing,+39734650123,Russia,87899₽,nature
Posh Patterns,+68152602540,Luxembourg,99765₽,library
Stellar Stitches,+7826816042,Tuvalu,52881₽,explanation
Classy Collections,+78893575581,Barbados,50006₽,county
Makeup Maven,+26587010076,Yemen,84357₽,sample
Classy Chic,+97754896319,Rwanda,63685₽,maintenance
Brow Boosters,+25567267515,New Zealand,27112₽,midnight
Elegant Ensembles,+9510528171,Croatia,59883₽,context
Crisp Creations,+0817480959,Guyana,60325₽,description
Smart Styles,+14693649425,Bolivia,21931₽,enthusiasm
Chic Boutique,+64360247393,Dominican Republic,64912₽,data
Glow Getter,+25346199796,United Arab Emirates,23202₽,concept
Fashion Fusion,+44170357279,Tonga,45606₽,analyst
Stylish Silhouettes,+25390747766,Italy,30492₽,signature
Classy Collections,+63765069693,Equatorial Guinea,72858₽,advice
Classy Chic,+34341190666,Japan,10692₽,newspaper
Urban Upmarket,+4245397438,Vanuatu,74043₽,data
Posh Patterns,+55355810427,Bahrain,71772₽,mixture
Salon Suites,+15822431560,"Korea, South",81273₽,midnight
Fine Fabrics,+5158592245,Solomon Islands,41479₽,marriage
Crisp Creations,+78125659367,Canada,29893₽,sample
Trendy Threads,+25801863592,Estonia,48736₽,signature
Skin Studio,+55669632122,India,91805₽,contribution
Modish Mannequins,+93570744797,"Micronesia, Federated States of",99458₽,development
Smart Styles,+6844345568,Netherlands,57819₽,refrigerator
Dapper Designs,+33855782455,Canada,25608₽,breath
Smart Styles,+572858192,Solomon Islands,84257₽,affair
Urban Upmarket,+40721816480,Colombia,57941₽,contribution
Elegant Ensembles,+53842126253,Zambia,67241₽,revolution
Clipper Cuts,+45666920117,El Salvador,81713₽,family
Sleek Styles,+55459905729,Afghanistan,45575₽,indication
Glamour Galore,+30413670628,Bhutan,24219₽,mixture
Skin Studio,+96662101784,The Gambia,14931₽,refrigerator
Skin Studio,+78653167607,Bulgaria,57611₽,mode
Haute Hues,+31595940147,Tonga,27020₽,hat
Elite Elegance,+87109956049,Italy,18918₽,emphasis
Modish Mannequins,+7272648148,Mozambique,45002₽,classroom
Makeup Maven,+8115510653,Vatican City (Holy See),79557₽,definition
Elite Elegance,+34888908691,Myanmar (Burma),25151₽,drawer
Wellness World,+44111433226,Slovakia,97648₽,map
Elite Elegance,+42535203671,Malawi,39811₽,height
Urban Upmarket,+18563007437,Trinidad and Tobago,44393₽,dad
Crisp Creations,+56378578357,"Korea, South",67651₽,county
Glamour Galore,+22248619738,"Korea, North",98609₽,assumption
Makeup Maven,+75662463749,Mozambique,22209₽,refrigerator
Stellar Stitches,+78884860367,Maldives,20558₽,contribution
Clipper Cuts,+29786444986,Suriname,82044₽,user
Skin Studio,+29251276170,Mali,99082₽,departure
